title,release_year,total_gross
The Hunger Games: Catching Fire,2013,424668047
Iron Man 3,2013,406609688
Despicable Me 2,2013,368065385
Man of Steel,2013,291045518
Gravity,2013,274092705
Monsters University,2013,263763344
The Hobbit: The Desolation of Smaug,2013,258366855
Fast & Furious 6,2013,238679850
Oz the Great and Powerful,2013,232613195
Star Trek Into Darkness,2013,228778661
Thor: The Dark World,2013,204041762
World War Z,2013,202359711
The Croods,2013,187168425
The Heat,2013,159582188
We're the Millers,2013,150394119
American Hustle,2013,150117807
The Great Gatsby,2013,144840419
The Conjuring,2013,137400141
Identity Thief,2013,134506920
Grown Ups 2,2013,133006483
The Wolverine,2013,132556852
Anchorman 2: The Legend Continues,2013,125168368
Lone Survivor,2013,125095601
G.I. Joe: Retaliation,2013,122523060
Cloudy With a Chance of Meatballs 2,2013,119706224
Now You See Me,2013,117723989
The Wolf of Wall Street,2013,116900694
Lee Daniels' The Butler,2013,116635095
The Hangover Part III,2013,112200072
Epic,2013,107518682
Captain Phillips,2013,107009690
Jackass Presents: Bad Grandpa,2013,102003019
Pacific Rim,2013,101802906
This Is the End,2013,100914724
Olympus Has Fallen,2013,98925640
42,2013,95020213
Elysium,2013,92751727
Oblivion,2013,89107235
Planes,2013,88210381
The Lone Ranger,2013,87054312
Insidious: Chapter 2,2013,83586447
Turbo,2013,83028127
Saving Mr. Banks,2013,81454218
2 Guns,2013,75612460
White House Down,2013,72605151
Mama,2013,71628180
Safe Haven,2013,71349120
The Smurfs 2,2013,70579792
The Best Man Holiday,2013,70525195
Percy Jackson: Sea of Monsters,2013,68540619
A Good Day to Die Hard,2013,67349198
Warm Bodies,2013,66380662
Jack the Giant Slayer,2013,65187603
The Purge,2013,64473115
Last Vegas,2013,63914167
Ender's Game,2013,61737191
Prisoners,2013,61002302
After Earth,2013,60180759
The Secret Life of Walter Mitty,2013,58178353
Escape from Planet Earth,2013,57012977
12 Years a Slave,2013,56634802
Free Birds,2013,55750480
Hansel & Gretel: Witch Hunters,2013,55703475
Evil Dead,2013,54047541
RED 2,2013,53262560
Tyler Perry's A Madea Christmas,2013,52543354
The Call,2013,52009641
Temptation: Confessions of a Marriage Counselor,2013,51975354
Pain & Gain,2013,49875291
Gangster Squad,2013,46000903
Jurassic Park2013 Re-release,2013,45385935
The Internship,2013,44672764
Instructions Not Included,2013,44467206
Snitch,2013,42930462
Riddick,2013,42025135
A Haunted House,2013,40041683
47 Ronin,2013,38362475
August: Osage County,2013,37738810
Philomena,2013,37709979
The Family,2013,36918811
Walking with Dinosaurs 3D,2013,36059762
Carrie,2013,35266619
Texas Chainsaw,2013,34341945
R.I.P.D.,2013,33618855
Kevin Hart: Let Me Explain,2013,32244051
Side Effects,2013,32172757
Scary Movie V,2013,32015787
The Mortal Instruments: City of Bones,2013,31113834
Delivery Man,2013,29904680
Grudge Match,2013,29807260
One Direction: This Is Us,2013,28852199
Kick-Ass 2,2013,28795985
Dallas Buyers Club,2013,27002611
Rush,2013,26947624
The World's End,2013,26004851
American Sniper,2014,350126444
The Hunger Games: Mockingjay - Part 1,2014,337135885
Guardians of the Galaxy,2014,328095589
The Lego Movie,2014,257760692
Captain America: The Winter Soldier,2014,255447104
The Hobbit: The Battle of the Five Armies,2014,255119788
Transformers: Age of Extinction,2014,245438974
Maleficent,2014,236412469
X-Men: Days of Future Past,2014,233904517
Big Hero 6,2014,217599438
Dawn of the Planet of the Apes,2014,208491141
The Amazing Spider-Man 2,2014,201911219
Godzilla,2014,200676069
22 Jump Street,2014,191293726
Teenage Mutant Ninja Turtles,2014,191204754
Interstellar,2014,188020017
How to Train Your Dragon 2,2014,176983845
Gone Girl,2014,167762331
Divergent,2014,150947895
Neighbors,2014,150086800
Ride Along,2014,134202565
Rio 2,2014,131492458
Into the Woods,2014,126735659
Lucy,2014,126573960
The Fault in Our Stars,2014,124836965
Unbroken,2014,115637895
Night at the Museum: Secret of the Tomb,2014,113609370
Mr. Peabody & Sherman,2014,111453785
300: Rise of an Empire,2014,106580051
The Maze Runner,2014,102395506
Noah,2014,102235647
The Equalizer,2014,100892978
Edge of Tomorrow,2014,100206256
Non-Stop,2014,91742160
The Imitation Game,2014,91125683
Heaven Is for Real,2014,90994147
Dumb and Dumber To,2014,86208010
Annie,2014,85807908
Fury,2014,85683740
Tammy,2014,84525432
Annabelle,2014,84273813
The Other Woman,2014,83882172
Penguins of Madagascar,2014,83301343
Let's Be Cops,2014,82386141
The Monuments Men,2014,77649394
Hercules,2014,72687933
The Purge: Anarchy,2014,71562550
Exodus: Gods and Kings,2014,64988138
Think Like a Man Too,2014,64948947
The Nut Job,2014,64251541
"Alexander and the Terrible, Horrible, No Good, Very Bad Day",2014,63577853
God's Not Dead,2014,60755732
Son of God,2014,59685208
The Grand Budapest Hotel,2014,59188655
RoboCop,2014,58328623
Planes: Fire & Rescue,2014,56346629
Dracula Untold,2014,55991880
Horrible Bosses 2,2014,54445357
The Hundred-Foot Journey,2014,52883311
Selma,2014,52076908
Ouija,2014,50856010
The Boxtrolls,2014,50837305
Jack Ryan: Shadow Recruit,2014,50577412
If I Stay,2014,50474843
The Book of Life,2014,50086112
Muppets Most Wanted,2014,48845027
About Last Night,2014,48556825
Into the Storm,2014,47602194
The Judge,2014,47119388
Jersey Boys,2014,47047013
Blended,2014,46294610
The Giver,2014,45090374
St. Vincent,2014,44137712
John Wick,2014,43037835
A Million Ways to Die in the West,2014,42720965
Need for Speed,2014,42354883
Birdman or (The Unexpected Virtue of Ignorance),2014,42324225
Dolphin Tale 2,2014,42024533
The Expendables 3,2014,39322544
Earth to Echo,2014,38934840
Sex Tape,2014,38406369
Wild,2014,37772871
The Theory of Everything,2014,35753877
This Is Where I Leave You,2014,34296320
Million Dollar Arm,2014,33864148
The Gambler,2014,33680992
Paranormal Activity: The Marked Ones,2014,32462372
Nightcrawler,2014,32381148
Chef,2014,31424005
3 Days to Kill,2014,30697999
Get on Up,2014,30569935
When the Game Stands Tall,2014,29985038
Draft Day,2014,28842237
Oculus,2014,27695246
The Best of Me,2014,26766213
Star Wars: Episode VII - The Force Awakens,2015,935644139
Jurassic World,2015,652197981
Avengers: Age of Ultron,2015,455530367
Inside Out,2015,353612437
Furious 7,2015,351032910
Minions,2015,336045770
The Hunger Games: Mockingjay - Part 2,2015,281723902
The Martian,2015,228395947
Spectre,2015,200074609
Cinderella,2015,197584850
Mission: Impossible - Rogue Nation,2015,195042377
Pitch Perfect 2,2015,183785415
The Revenant,2015,183609490
Ant-Man,2015,178353078
Home,2015,177352879
Hotel Transylvania 2,2015,169498870
Fifty Shades of Grey,2015,166167230
The SpongeBob Movie: Sponge Out of Water,2015,162994032
Straight Outta Compton,2015,161058685
San Andreas,2015,155190832
Mad Max: Fury Road,2015,153636344
Daddy's Home,2015,150357137
The Divergent Series: Insurgent,2015,130179071
The Peanuts Movie,2015,130081684
Kingsman: The Secret Service,2015,128219589
The Good Dinosaur,2015,118292054
Spy,2015,110769608
Trainwreck,2015,110038130
Creed,2015,109767581
Tomorrowland,2015,91304790
Get Hard,2015,90411483
Terminator Genisys,2015,89760955
Taken 3,2015,89179052
Sisters,2015,87044645
Alvin and the Chipmunks: The Road Chip,2015,85833731
Maze Runner: The Scorch Trials,2015,81670090
Ted 2,2015,81284830
Goosebumps,2015,79926782
Pixels,2015,78202755
Paddington,2015,76223578
The Intern,2015,75764672
Paul Blart: Mall Cop 2,2015,70643207
The Big Short,2015,70259870
Bridge of Spies,2015,68912003
War Room,2015,66847989
Magic Mike XXL,2015,66013057
The Visit,2015,65112020
The Wedding Ringer,2015,64348583
Black Mass,2015,62575678
Vacation,2015,58884188
Joy,2015,56384928
The Perfect Guy,2015,56279573
The Hateful Eight,2015,54117416
Focus,2015,53862963
Southpaw,2015,52421953
Insidious: Chapter 3,2015,52218558
Jupiter Ascending,2015,47387723
Poltergeist,2015,47363594
Sicario,2015,46889293
The Man from U.N.C.L.E.,2015,45445109
Spotlight,2015,45055776
The Gift,2015,43787265
Everest,2015,43309450
The Night Before,2015,43047372
"McFarland, USA",2015,42807931
Krampus,2015,42725475
Max,2015,42656785
The Age of Adaline,2015,42629576
Brooklyn,2015,38219804
The Longest Ride,2015,37421866
The Boy Next Door,2015,35423380
Pan,2015,35088320
Hot Pursuit,2015,34580291
Concussion,2015,34374366
The DUFF,2015,34030343
Woman in Gold,2015,33307814
The Second Best Exotic Marigold Hotel,2015,33021238
Unfriended,2015,32482090
Entourage,2015,32363404
Paper Towns,2015,31927510
Chappie,2015,31408942
Crimson Peak,2015,31090320
Point Break,2015,28782481
A Walk in the Woods,2015,28593964
Sinister 2,2015,27740955
No Escape,2015,27451813
The Last Witch Hunter,2015,27367660
Ricki and the Flash,2015,26798487
The Woman in Black 2: Angel of Death,2015,26501323
Run All Night,2015,26461644
Love the Coopers,2015,26302731
The Lazarus Effect,2015,25801570
In the Heart of the Sea,2015,25020758
The Gallows,2015,22764500
Hitman: Agent 47,2015,22457659
Rogue One: A Star Wars Story,2016,532177324
Finding Dory,2016,486295561
Captain America: Civil War,2016,408084349
The Secret Life of Pets,2016,368384330
The Jungle Book,2016,364001123
Deadpool,2016,363042311
Zootopia,2016,341268248
Batman v Superman: Dawn of Justice,2016,330360194
Suicide Squad,2016,325100054
Sing,2016,270329045
Moana,2016,248757044
Fantastic Beasts and Where to Find Them,2016,234037575
Doctor Strange,2016,232641920
Hidden Figures,2016,169323813
Jason Bourne,2016,162192920
Star Trek Beyond,2016,158848340
X-Men: Apocalypse,2016,155149510
Trolls,2016,153684900
La La Land,2016,151101803
Kung Fu Panda 3,2016,143517851
Ghostbusters,2016,128350574
Central Intelligence,2016,127440871
The Legend of Tarzan,2016,126643061
Sully,2016,125070033
Bad Moms,2016,113257297
The Angry Birds Movie,2016,107509366
Independence Day: Resurgence,2016,103120535
The Conjuring 2,2016,102470008
Arrival,2016,100546139
Sausage Party,2016,97685686
The Magnificent Seven,2016,93432655
Ride Along 2,2016,90862685
Don't Breathe,2016,89217875
Miss Peregrine's Home for Peculiar Children,2016,87233361
The Accountant,2016,86260045
Teenage Mutant Ninja Turtles: Out of the Shadows,2016,82051601
The Purge: Election Year,2016,79042440
Alice Through the Looking Glass,2016,77041381
Pete's Dragon,2016,76233151
The Girl on the Train,2016,75347390
Tyler Perry's Boo! A Madea Halloween,2016,73206343
Storks,2016,72679278
10 Cloverfield Lane,2016,72082998
Lights Out,2016,67268835
Hacksaw Ridge,2016,67209615
Allegiant,2016,66184051
Now You See Me 2,2016,65075540
Ice Age: Collision Course,2016,64050015
The Boss,2016,63077560
London Has Fallen,2016,62524260
Miracles from Heaven,2016,61705123
Deepwater Horizon,2016,61433527
Why Him?,2016,60269575
My Big Fat Greek Wedding 2,2016,59689605
Jack Reacher: Never Go Back,2016,58697076
Fences,2016,57682904
Me Before You,2016,56245075
The BFG,2016,55483770
Neighbors 2: Sorority Rising,2016,55340730
The Shallows,2016,55124043
Office Christmas Party,2016,54767494
Assassin's Creed,2016,54634144
Barbershop: The Next Cut,2016,54030051
13 Hours,2016,52853219
Lion,2016,51738905
Kubo and the Two Strings,2016,48023088
The Huntsman: Winter's War,2016,48003015
Manchester by the Sea,2016,47695371
Warcraft,2016,47225655
How to Be Single,2016,46843513
Mike and Dave Need Wedding Dates,2016,45889727
War Dogs,2016,43034523
Almost Christmas,2016,42065185
Money Monster,2016,41012075
Allied,2016,40098064
Nerve,2016,38583626
Risen,2016,36800063
The Nice Guys,2016,36261763
The Boy,2016,35819556
Dirty Grandpa,2016,35593113
Ouija: Origin of Evil,2016,34992970
The 5th Wave,2016,34550955
Inferno,2016,34343574
Mother's Day,2016,32492859
Patriots Day,2016,31886361
Gods of Egypt,2016,31153464
Collateral Beauty,2016,31016021
"Hail, Caesar!",2016,30080225
When the Bough Breaks,2016,29747603
Zoolander 2,2016,28848693
Moonlight,2016,27854932
Florence Foster Jenkins,2016,27383770
Hell or High Water,2016,27007844
The Forest,2016,26594261
Ben-Hur,2016,26410477
Star Wars: Episode VIII - The Last Jedi,2017,620181382
Beauty and the Beast,2017,504014165
Wonder Woman,2017,412563408
Jumanji: Welcome to the Jungle,2017,404515480
Guardians of the Galaxy Vol. 2,2017,389813101
Spider-Man: Homecoming,2017,334201140
It,2017,327481748
Thor: Ragnarok,2017,315058289
Despicable Me 3,2017,264624300
Justice League,2017,229024295
Logan,2017,226258569
The Fate of the Furious,2017,225764765
Coco,2017,210067015
Dunkirk,2017,188045546
Get Out,2017,175837935
The Lego Batman Movie,2017,175750384
The Boss Baby,2017,174967430
The Greatest Showman,2017,174045042
Pirates of the Caribbean: Dead Men Tell No Tales,2017,172558876
Kong: Skull Island,2017,168052812
Cars 3,2017,152901115
War for the Planet of the Apes,2017,146843711
Split,2017,138141585
Wonder,2017,132422809
Transformers: The Last Knight,2017,130168683
Girls Trip,2017,115108515
Fifty Shades Darker,2017,114434010
Baby Driver,2017,107825862
Pitch Perfect 3,2017,104897530
Daddy's Home 2,2017,104029443
Murder on the Orient Express,2017,102800191
Annabelle: Creation,2017,102092201
Kingsman: The Golden Circle,2017,100201613
Blade Runner 2049,2017,92054159
John Wick: Chapter 2,2017,92029184
The Emoji Movie,2017,86089513
Power Rangers,2017,85364450
Ferdinand,2017,84298791
The Post,2017,81737012
The Mummy,2017,80101125
The Hitman's Bodyguard,2017,75468583
Alien: Covenant,2017,74249538
Captain Underpants: The First Epic Movie,2017,73883366
A Bad Moms Christmas,2017,72110659
A Dog's Purpose,2017,64321890
The Shape of Water,2017,63699028
The Lego Ninjago Movie,2017,59281555
Baywatch,2017,58060186
The Shack,2017,57386418
Darkest Hour,2017,56361300
Happy Death Day,2017,55683845
"Three Billboards Outside Ebbing, Missouri",2017,54387870
Atomic Blonde,2017,51573925
American Made,2017,51342000
The Dark Tower,2017,50701325
Lady Bird,2017,48958273
Boo 2! A Madea Halloween,2017,47319572
Snatched,2017,45847354
The Great Wall,2017,45157105
Going in Style,2017,45018541
All Eyez on Me,2017,44922302
xXx: Return of Xander Cage,2017,44898413
Smurfs: The Lost Village,2017,44578460
47 Meters Down,2017,44307191
The Big Sick,2017,42872467
The Star,2017,40852824
Ghost in the Shell,2017,40563557
Valerian and the City of a Thousand Planets,2017,40479370
King Arthur: Legend of the Sword,2017,39175066
Jigsaw,2017,38052832
American Assassin,2017,36249674
The Foreigner,2017,34393507
"Everything, Everything",2017,34121140
Wind River,2017,33800859
Geostorm,2017,33700160
Monster Trucks,2017,33370166
Fist Fight,2017,32187017
How to Be a Latin Lover,2017,32149404
Kidnap,2017,30718107
Underworld: Blood Wars,2017,30353973
The Mountain Between Us,2017,30348555
Life,2017,30234022
"I, Tonya",2017,30006215
Hostiles,2017,29819130
Molly's Game,2017,28780744
The Nut Job 2: Nutty by Nature,2017,28370522
Rings,2017,27793018
Logan Lucky,2017,27780977
Home Again,2017,27020284
Resident Evil: The Final Chapter,2017,26830068
The House,2017,25584504
All the Money in the World,2017,25112850
Gifted,2017,24768464
Downsizing,2017,24449754
The Bye Bye Man,2017,22395806
Black Panther,2018,700059566
Avengers: Infinity War,2018,678815482
Incredibles 2,2018,608581744
Jurassic World: Fallen Kingdom,2018,416769345
Aquaman,2018,335061807
Deadpool 2,2018,318482400
Dr. Seuss' the Grinch,2018,270620950
Mission: Impossible - Fallout,2018,220159104
Ant-Man and the Wasp,2018,216648740
Bohemian Rhapsody,2018,216303339
A Star Is Born,2018,213938866
Solo: A Star Wars Story,2018,213767512
Ralph Breaks the Internet,2018,201091711
Spider-Man: Into the Spider-Verse,2018,190241310
A Quiet Place,2018,188024361
Crazy Rich Asians,2018,174052657
Mary Poppins Returns,2018,171958438
Hotel Transylvania 3: Summer Vacation,2018,167510016
Fantastic Beasts: The Crimes of Grindelwald,2018,159555901
The Meg,2018,143005856
Ocean's 8,2018,139377762
Ready Player One,2018,137018455
Bumblebee,2018,127195589
Mamma Mia! Here We Go Again,2018,120634935
The Nun,2018,117480364
Creed II,2018,115715889
Peter Rabbit,2018,115253424
Little Women,2018,109480711
The Mule,2018,103804407
The Equalizer 2,2018,102084362
A Wrinkle in Time,2018,100478608
Fifty Shades Freed,2018,100407760
Rampage,2018,99345950
Christopher Robin,2018,99215042
Green Book,2018,85080171
I Can Only Imagine,2018,83482352
Smallfoot,2018,83240103
Night School,2018,77339130
The First Purge,2018,69086325
Game Night,2018,69001013
Book Club,2018,68566296
The House with a Clock in Its Walls,2018,68549695
Skyscraper,2018,67796355
Instant Family,2018,67363237
Insidious: The Last Key,2018,67347895
Blockers,2018,59839515
Pacific Rim: Uprising,2018,59185715
Maze Runner: The Death Cure,2018,57902320
Tomb Raider,2018,57421715
The Nutcracker and the Four Realms,2018,54858851
Tag,2018,54547470
A Simple Favor,2018,53548586
Life of the Party,2018,52856061
The Predator,2018,51005080
Overboard,2018,50316123
Sicario: Day of the Soldado,2018,50072235
I Feel Pretty,2018,48795601
BlacKkKlansman,2018,48431000
Vice,2018,47836282
Red Sparrow,2018,46740940
Goosebumps 2: Haunted Halloween,2018,46700633
Breaking In,2018,46383120
12 Strong,2018,45500164
Den of Thieves,2018,44947622
First Man,2018,44936545
Hereditary,2018,44069456
Tyler Perry's Acrimony,2018,43549096
Sherlock Gnomes,2018,43242871
Uncle Drew,2018,42469946
Widows,2018,42402632
"Love, Simon",2018,40823927
Truth or Dare,2018,40717020
Paddington 2,2018,40442052
Second Act,2018,39282227
The Commuter,2018,36343858
The 15:17 to Paris,2018,36250957
Mile 22,2018,36108758
Alpha,2018,35857181
Peppermint,2018,35418723
The Favourite,2018,34243870
Death Wish,2018,34017028
The Spy Who Dumped Me,2018,33562069
Annihilation,2018,32732301
Beast,2018,32641230
Isle of Dogs,2018,31892516
Nobody's Fool,2018,31713110
Adrift,2018,31445011
Super Troopers 2,2018,30609330
Holmes & Watson,2018,30573626
Slender Man,2018,30569484
The Hate U Give,2018,29643687
Teen Titans GO! To the Movies,2018,29562341
Searching,2018,26020957
Winchester,2018,25091816
On the Basis of Sex,2018,24622687
Avengers: Endgame,2019,858373000
The Lion King,2019,543638043
Star Wars: Episode IX - The Rise of Skywalker,2019,515202542
Frozen II,2019,477373578
Toy Story 4,2019,434038008
Captain Marvel,2019,426829839
Spider-Man: Far from Home,2019,390532085
Aladdin,2019,355559216
Jumanji: The Next Level,2019,316831246
It Chapter Two,2019,211593228
Us,2019,175005930
Fast & Furious Presents: Hobbs & Shaw,2019,173810100
John Wick: Chapter 3 - Parabellum,2019,171015687
Knives Out,2019,165363234
1917,2019,159227644
How to Train Your Dragon: The Hidden World,2019,158299505
The Secret Life of Pets 2,2019,157332265
Poku00e9mon Detective Pikachu,2019,144105346
Once Upon a Time... In Hollywood,2019,142502728
Shazam!,2019,137046656
Ford v Ferrari,2019,117624357
Dumbo,2019,114766307
Maleficent: Mistress of Evil,2019,113929605
Glass,2019,111035005
Godzilla: King of the Monsters,2019,110500138
The Upside,2019,108252517
The LEGO Movie 2: The Second Part,2019,105206508
Hustlers,2019,104963598
The Addams Family,2019,97185807
Downton Abbey,2019,96854135
Rocketman,2019,96368160
Alita: Battle Angel,2019,85838210
Good Boys,2019,83083070
Men in Black: International,2019,80001807
Annabelle Comes Home,2019,74152591
Yesterday,2019,73286650
Tyler Perry's a Madea Family Funeral,2019,73257045
Zombieland: Double Tap,2019,73123082
Angel Has Fallen,2019,69030436
Scary Stories to Tell in the Dark,2019,68947075
Spies in Disguise,2019,66757013
X-Men: Dark Phoenix,2019,65845974
Terminator: Dark Fate,2019,62253077
A Beautiful Day in the Neighborhood,2019,61692037
Abominable,2019,60716390
Dora and the Lost City of Gold,2019,60477943
Escape Room,2019,56981740
Midway,2019,56846802
The Curse of La Llorona,2019,54733739
Pet Sematary,2019,54724696
What Men Want,2019,54611903
Parasite,2019,53064538
Uncut Gems,2019,51043075
Ad Astra,2019,50188370
Isn't It Romantic,2019,48791187
Gemini Man,2019,48546770
Five Feet Apart,2019,45729221
Ma,2019,45373120
Wonder Park,2019,45216793
Rambo: Last Blood,2019,44819352
Playing with Fire,2019,44451847
Queen & Slim,2019,43808310
Harriet,2019,43082155
A Dog's Way Home,2019,41952715
The Angry Birds Movie 2,2019,41667116
Breakthrough,2019,40713082
Little,2019,40673960
Crawl,2019,39014193
Just Mercy,2019,36001502
The Intruder,2019,35419122
The Hustle,2019,35417038
Last Christmas,2019,35150750
Overcomer,2019,34746945
Jojo Rabbit,2019,33370906
Cold Pursuit,2019,32138862
Bombshell,2019,31762808
Doctor Sleep,2019,31581712
Dragon Ball Super: Broly,2019,30712119
Long Shot,2019,30316271
Child's Play,2019,29208403
Ready or Not,2019,28714231
21 Bridges,2019,28539757
Happy Death Day 2U,2019,28051045
Midsommar: The Directors Cut,2019,27426361
Cats,2019,27166770
The Art of Racing in the Rain,2019,26395642
Countdown,2019,25621766
Judy,2019,24312914
Fighting with My Family,2019,22958886
Booksmart,2019,22680962
A Dog's Journey,2019,22546590
Stuber,2019,22370452
Richard Jewell,2019,22345542
47 Meters Down: Uncaged,2019,22260900
Black and Blue,2019,22055313
Bad Boys for Life,2020,204417855
Sonic the Hedgehog,2020,146066470
Birds of Prey: And the Fantabulous Emancipation of One Harley Quinn,2020,84158461
Dolittle,2020,77047065
The Invisible Man,2020,64914050
The Call of the Wild,2020,62342368
Onward,2020,61555145
The Croods: A New Age,2020,57762845
The Gentlemen,2020,36471795
Fantasy Island,2020,26441782
The New Mutants,2020,23660043
Like a Boss,2020,22169514
The War with Grandpa,2020,20987766
The Photograph,2020,20578185
Unhinged,2020,19488900
Underwater,2020,17291078
The Turning,2020,15472765
Gretel & Hansel,2020,15347654
Monster Hunter,2020,13807913
My Hero Academia: Heroes Rising,2020,13651826
News of the World,2020,12640710
Brahms: The Boy II,2020,12611536
Honest Thief,2020,12127599
Impractical Jokers: The Movie,2020,10466091
Come Play,2020,10359245
Emma.,2020,10055355
Bloodshot,2020,10021787
I Still Believe,2020,9868521
Let Him Go,2020,9333765
Freaky,2020,8996070
Downhill,2020,8287061
Weathering with You,2020,7799053
Promising Young Woman,2020,6488390
Fatale,2020,6365729
The Hunt,2020,5812500
The Rhythm Section,2020,5437971
Hocus Pocus2020 Re-release,2020,4828000
The SpongeBob Movie: Sponge on the Run,2020,4386827
The Broken Hearts Gallery,2020,4050598
Infidel,2020,4044193
Bill & Ted Face the Music,2020,3437791
My Boyfriend's Meds,2020,2971116
The Empty Man,2020,2965222
The Last Full Measure,2020,2949212
Words on Bathroom Walls,2020,2526280
The Nightmare Before Christmas2020 Re-release,2020,2286000
Half Brothers,2020,2119650
The Personal History of David Copperfield,2020,1850345
Elf2020 Re-release,2020,1785000
The Wretched,2020,1768107
The Lodge,2020,1724781
The Rental,2020,1558996
Star Wars: Episode V - The Empire Strikes Back2020 Re-release,2020,1467000
2 Hearts,2020,1147648
The Assistant,2020,1096254
The Last Shift,2020,1042820
Relic,2020,1042492
Love and Monsters,2020,1025377
Becky,2020,971444
Mafia Inc,2020,889858
All My Life,2020,862763
Sarileru Neekevvaru,2020,821000
Shortcut,2020,778305
After We Collided,2020,735002
Toy Story2020 Re-release,2020,727000
"Monsters, Inc.2020 Re-release",2020,726000
Baaghi 3,2020,721439
Vanguard,2020,707830
The Santa Clause2020 Re-release,2020,706000
Possessor Uncut,2020,703577
Patterns of Evidence: The Red Sea Miracle,2020,696191
True to the Game 2,2020,662867
National Lampoon's Christmas Vacation2020 Re-release,2020,615000
Chhapaak,2020,604334
Panga,2020,582720
The Last Vermeer,2020,544924
Guardians of the Galaxy2020 Re-release,2020,542000
Followed,2020,538179
The Addams Family2020 Re-release,2020,536972
Kajillionaire,2020,527465
The Big Ugly,2020,514107
Spell,2020,496264
The Polar Express2020 Re-release,2020,492000
The Forgotten Carols,2020,466613
Ava,2020,462218
Seberg,2020,434702
Tulsa,2020,401284
Buddy Games,2020,363498
Yellow Rose,2020,341330
Ride Your Wave,2020,332432
The Eight Hundred,2020,331279
Ordinary Love,2020,327852
The Kid Detective,2020,327013
She Dies Tomorrow,2020,308741
Save Yourselves!,2020,295660
Spider-Man: No Way Home,2021,804059711
Shang-Chi and the Legend of the Ten Rings,2021,222935447
Venom: Let There Be Carnage,2021,205864456
Black Widow,2021,183489311
F9: The Fast Saga,2021,173037025
Eternals,2021,164698811
Sing 2,2021,159533500
No Time to Die,2021,158060806
A Quiet Place Part II,2021,156850952
Ghostbusters: Afterlife,2021,128930996
Free Guy,2021,121063061
Jungle Cruise,2021,116136749
Encanto,2021,95827834
Dune,2021,93240452
Halloween Kills,2021,89312145
Cruella,2021,85759984
Godzilla vs. Kong,2021,73381241
Candyman,2021,60632480
The Boss Baby: Family Business,2021,57068085
The Addams Family 2,2021,54940821
Raya and the Last Dragon,2021,54108323
House of Gucci,2021,53807225
Clifford the Big Red Dog,2021,48867827
Old,2021,48178175
The Forever Purge,2021,44503285
Peter Rabbit 2: The Runaway,2021,40219158
PAW Patrol: The Movie,2021,39993301
The Matrix Resurrections,2021,38782140
West Side Story,2021,38528263
The Hitman's Wife's Bodyguard,2021,37780885
The King's Man,2021,37225633
Don't Breathe 2,2021,32220143
Snake Eyes,2021,28233836
Mortal Kombat,2021,27525000
The Conjuring: The Devil Made Me Do It,2021,26860000
Wrath of Man,2021,26694528
American Underdog,2021,26591063
Escape Room: Tournament of Champions,2021,25211887
Ron's Gone Wrong,2021,22997810
Demon Slayer the Movie: Mugen Train,2021,22493006
Respect,2021,22393123
Space Jam: A New Legacy,2021,19820000
Spirit Untamed,2021,17557845
Licorice Pizza,2021,17307957
Resident Evil: Welcome to Raccoon City,2021,16940573
The Green Knight,2021,16452414
The French Dispatch,2021,16116135
The Marksman,2021,15575508
The Unholy,2021,15277879
Stillwater,2021,14447850
Dear Evan Hansen,2021,14335726
The Suicide Squad,2021,14150000
King Richard,2021,13522236
Christmas with the Chosen: The Messengers,2021,13470798
Chaos Walking,2021,13284115
Demon Slayer: Mugen Train,2021,12286511
Nightmare Alley,2021,11372535
Antlers,2021,10612358
The Last Duel,2021,10426361
Last Night in Soho,2021,10112860
Belfast,2021,8906405
My Hero Academia: World Heroes' Mission,2021,7990688
In the Heights,2021,7720000
The Protege,2021,7463268
The Night House,2021,7100121
A Journal for Jordan,2021,6442640
The Courier,2021,5407337
Roadrunner: A Film About Anthony Bourdain,2021,5242480
Spencer,2021,5161629
Copshop,2021,4982160
Separation,2021,4412038
Boogie,2021,4190865
Zola,2021,3974747
'83,2021,3157346
Voyagers,2021,3148177
The Girl Who Believes in Miracles,2021,3146712
Dream Horse,2021,2633200
The Card Counter,2021,2609490
Land,2021,2582885
Finding You,2021,2572791
Sooryavanshi,2021,2557161
Pig,2021,2531369
Here Today,2021,2528413
"Summer of Soul (...Or, When the Revolution Could Not Be Televised)",2021,2336588
Lamb,2021,2303030
The Eyes of Tammy Faye,2021,2294334
Queen Bees,2021,1809633
Show Me the Father,2021,1743003
Profile,2021,1720880
The Many Saints of Newark,2021,1458903
Scott Pilgrim vs. the World10th Anniversary (2021 Re-release),2021,1236775
C'mon C'mon,2021,1205693
Joe Bell,2021,1141947
Titane,2021,1050157
The Jesus Music,2021,963684
Top Gun: Maverick,2022,716981130
Avatar: The Way of Water,2022,670104560
Black Panther: Wakanda Forever,2022,452929653
Doctor Strange in the Multiverse of Madness,2022,409762280
The Batman,2022,369738816
Minions: The Rise of Gru,2022,369308085
Thor: Love and Thunder,2022,343116863
Jurassic World: Dominion,2022,199037215
Sonic the Hedgehog 2,2022,190916413
Jurassic World Dominion,2022,176552610
Puss in Boots: The Last Wish,2022,176421270
Black Adam,2022,168043265
Elvis,2022,150943593
Uncharted,2022,147747500
Nope,2022,123338195
Lightyear,2022,118078927
Smile,2022,105792752
Bullet Train,2022,103071589
The Bad Guys,2022,97058425
Fantastic Beasts: The Secrets of Dumbledore,2022,95834383
DC League of Super-Pets,2022,93637530
Where the Crawdads Sing,2022,90015996
The Black Phone,2022,89850680
Scream,2022,81515526
Morbius,2022,73305599
Ticket to Paradise,2022,68224815
The Woman King,2022,67200270
Everything Everywhere All at Once,2022,66403202
Halloween Ends,2022,64105790
A Man Called Otto,2022,63325742
Dog,2022,61543210
Jackass Forever,2022,57574310
Violent Night,2022,49420395
"Lyle, Lyle, Crocodile",2022,46628093
Death on the Nile,2022,45651365
Don't Worry Darling,2022,45352406
Downton Abbey: A New Era,2022,43826735
Barbarian,2022,40773317
The Menu,2022,38475864
Strange World,2022,38173179
Dragon Ball Super: Super Hero,2022,34886647
The Northman,2022,34235975
The Bob's Burgers Movie,2022,31915397
The Invitation,2022,25022868
Avatar2022  Re-release,2022,24627758
Whitney Houston: I Wanna Dance with Somebody,2022,23666574
Marry Me,2022,22467810
Ambulance,2022,22305365
Jujutsu Kaisen 0: The Movie,2022,21364059
Father Stu,2022,20699911
The Unbearable Weight of Massive Talent,2022,20306623
Devotion,2022,19980777
Prey for the Devil,2022,19833530
Moonfall,2022,19073481
The Chosen Season 3: Episode 1 & 2,2022,18204430
Paws of Fury: The Legend of Hank,2022,17777191
The Fabelmans,2022,17129386
Babylon,2022,15339753
Amsterdam,2022,14904110
The Whale,2022,14819401
The 355,2022,14574420
Easter Sunday,2022,13019660
One Piece Film: Red,2022,11660528
Bros,2022,11636525
RRR,2022,11113000
The Banshees of Inisherin,2022,10460758
Bodies Bodies Bodies,2022,10456317
Mrs Harris Goes to Paris,2022,10339050
X,2022,9688989
See How They Run,2022,9559914
Firestarter,2022,9554195
Blacklight,2022,9514981
Glass Onion: A Knives Out Mystery,2022,9400000
Spider-Man: No Way Home2022 Re-release,2022,9277808
Redeeming Love,2022,9212365
Pearl,2022,9035149
Till,2022,8928655
Terrifier 2,2022,8554780
Three Thousand Years of Longing,2022,8048183
Brahmastra Part One: Shiva,2022,7982012
Bones and All,2022,7803235
Memory,2022,7319538
Fall,2022,7235161
Men,2022,7014764
BTS Permission to Dance on Stage - Seoul: Live Viewing,2022,6840000
Tu00e1r,2022,6689212
Marcel the Shell with Shoes On,2022,6003366
She Said,2022,5816940
I Heard the Bells,2022,5589629
Orphan: First Kill,2022,5415419
Jaws2022 Re-release,2022,5090660
Women Talking,2022,4624856
Lifemark,2022,4597596
Ponniyin Selvan,2022,4282000
Vengeance,2022,4223100
